epoch,train_loss,train_accuracy,train_precision,train_recall,train_f1,val_loss,val_accuracy,val_precision,val_recall,val_f1,val_roc_auc
1,0.6745,,,,,0.6385,1.0,0.0,0.0,0.0,
2,0.5638,,,,,0.6291,1.0,0.0,0.0,0.0,
3,0.4994,,,,,0.6191,1.0,0.0,0.0,0.0,
4,0.4485,,,,,0.6070,1.0,0.0,0.0,0.0,
5,0.3250,,,,,0.5870,1.0,0.0,0.0,0.0,
6,0.2933,,,,,0.5474,1.0,0.0,0.0,0.0,
7,0.2041,,,,,0.5132,1.0,0.0,0.0,0.0,
8,0.1340,,,,,0.4677,1.0,0.0,0.0,0.0,
9,0.1449,,,,,0.4117,1.0,0.0,0.0,0.0,
10,0.0840,,,,,0.4107,1.0,0.0,0.0,0.0,
11,0.0552,,,,,0.3759,1.0,0.0,0.0,0.0,