modality,split,support,temperature,calibration_status,ece,brier_score,nll,roc_auc,f1,status,note
image,val,10,1.0,before,null,null,null,null,null,limited_data,single_class_predictions
image,val,10,1.0,after,null,null,null,null,null,limited_data,single_class_predictions_no_calibration_effect
image,test_seen,10,1.0,before,null,null,null,null,null,limited_data,single_class_predictions
image,test_seen,10,1.0,after,null,null,null,null,null,limited_data,single_class_predictions_no_calibration_effect
image,test_unseen,0,1.0,before,null,null,null,null,null,empty_split,no_data_available
image,test_unseen,0,1.0,after,null,null,null,null,null,empty_split,no_data_available
video,val,0,1.0,before,null,null,null,null,no_execution,no_trained_model
video,val,0,1.0,after,null,null,null,null,no_execution,no_trained_model
video,test_seen,0,1.0,before,null,null,null,null,no_execution,no_trained_model
video,test_seen,0,1.0,after,null,null,null,null,no_execution,no_trained_model
video,test_unseen,0,1.0,before,null,null,null,null,no_execution,no_trained_model
video,test_unseen,0,1.0,after,null,null,null,null,no_execution,no_trained_model
audio,val,0,1.0,before,null,null,null,null,no_execution,no_trained_model
audio,val,0,1.0,after,null,null,null,null,no_execution,no_trained_model
audio,test_seen,0,1.0,before,null,null,null,null,no_execution,no_trained_model
audio,test_seen,0,1.0,after,null,null,null,null,no_execution,no_trained_model
audio,test_unseen,0,1.0,before,null,null,null,null,no_execution,no_trained_model
audio,test_unseen,0,1.0,after,null,null,null,null,no_execution,no_trained_model