approach,modality,split,support,accuracy,precision,recall,f1,roc_auc,ece,brier_score,nll,generalization_gap,status,note
image_only,image,val,10,1.0,0.0,0.0,0.0,N/A,N/A,0.0,0.0,N/A,limited_data,single_class_predictions
image_only,image,test_seen,10,1.0,0.0,0.0,0.0,N/A,N/A,0.0,0.0,N/A,limited_data,single_class_predictions
image_only,image,test_unseen,0,0.0,0.0,0.0,0.0,N/A,N/A,0.0,0.0,N/A,empty_split,no_data_available
video_only,video,val,0,0.0,0.0,0.0,0.0,N/A,N/A,0.0,0.0,N/A,no_execution,no_trained_model
video_only,video,test_seen,0,0.0,0.0,0.0,0.0,N/A,N/A,0.0,0.0,N/A,no_execution,no_trained_model
video_only,video,test_unseen,0,0.0,0.0,0.0,0.0,N/A,N/A,0.0,0.0,N/A,no_execution,no_trained_model
audio_only,audio,val,0,0.0,0.0,0.0,0.0,N/A,N/A,0.0,0.0,N/A,no_execution,no_trained_model
audio_only,audio,test_seen,0,0.0,0.0,0.0,0.0,N/A,N/A,0.0,0.0,N/A,no_execution,no_trained_model
audio_only,audio,test_unseen,0,0.0,0.0,0.0,0.0,N/A,N/A,0.0,0.0,N/A,no_execution,no_trained_model
probability_averaging,multimodal,val,0,0.0,0.0,0.0,0.0,N/A,N/A,0.0,0.0,N/A,no_execution,requires_multiple_modalities
probability_averaging,multimodal,test_seen,0,0.0,0.0,0.0,0.0,N/A,N/A,0.0,0.0,N/A,no_execution,requires_multiple_modalities
probability_averaging,multimodal,test_unseen,0,0.0,0.0,0.0,0.0,N/A,N/A,0.0,0.0,N/A,no_execution,requires_multiple_modalities
feature_fusion,multimodal,val,0,0.0,0.0,0.0,0.0,N/A,N/A,0.0,0.0,N/A,no_execution,requires_training_data
feature_fusion,multimodal,test_seen,0,0.0,0.0,0.0,0.0,N/A,N/A,0.0,0.0,N/A,no_execution,requires_training_data
feature_fusion,multimodal,test_unseen,0,0.0,0.0,0.0,0.0,N/A,N/A,0.0,0.0,N/A,no_execution,requires_training_data
learned_gating,multimodal,val,0,0.0,0.0,0.0,0.0,N/A,N/A,0.0,0.0,N/A,no_execution,requires_training_data
learned_gating,multimodal,test_seen,0,0.0,0.0,0.0,0.0,N/A,N/A,0.0,0.0,N/A,no_execution,requires_training_data
learned_gating,multimodal,test_unseen,0,0.0,0.0,0.0,0.0,N/A,N/A,0.0,0.0,N/A,no_execution,requires_training_data