sample_id,path,label,identity_key,generator,manipulation_method,original_source,source_image_key,file_hash,split_role,upstream_split
real_vs_fake:test:00276TOPP4,data/raw/image/real_vs_fake/real-vs-fake/test/fake/00276TOPP4.jpg,fake,unknown,stylegan,unknown,/kaggle/input/1-million-fake-faces/1m_faces_04_05_06_07/1m_faces_04_05_06_07/1m_faces_07/00276TOPP4.jpg,/kaggle/input/1-million-fake-faces/1m_faces_04_05_06_07/1m_faces_04_05_06_07/1m_faces_07/00276TOPP4.jpg,93010eed7cdd517c4cbccc1593889fc7ae809006ad08297fd2452c356fd7be87,train,train
real_vs_fake:test:00KEKJJ1Q4,data/raw/image/real_vs_fake/real-vs-fake/test/fake/00KEKJJ1Q4.jpg,fake,unknown,stylegan,unknown,/kaggle/input/1-million-fake-faces/1m_faces_08_09_10_11/1m_faces_08_09_10_11/1m_faces_08/00KEKJJ1Q4.jpg,/kaggle/input/1-million-fake-faces/1m_faces_08_09_10_11/1m_faces_08_09_10_11/1m_faces_08/00KEKJJ1Q4.jpg,cebef84510fd6ac5e2256057e67c944a14fef04403aa0f7d91c8e891b3e5fa7e,train,train
real_vs_fake:test:01579,data/raw/image/real_vs_fake/real-vs-fake/test/real/01579.jpg,real,unknown,unknown,none,/kaggle/input/flickrfaceshq-dataset-nvidia-part-8/images1024x1024-20191222T221133Z-039/images1024x1024/01000/01579.png,/kaggle/input/flickrfaceshq-dataset-nvidia-part-8/images1024x1024-20191222T221133Z-039/images1024x1024/01000/01579.png,1d7dc281afa12174a93e7487c3fb0cb9962e263f04543d7e842170a5202b6f3d,train,train
real_vs_fake:test:008BYSE725,data/raw/image/real_vs_fake/real-vs-fake/test/fake/008BYSE725.jpg,fake,unknown,stylegan,unknown,/kaggle/input/1-million-fake-faces/1m_faces_12_13_14_15/1m_faces_12_13_14_15/1m_faces_15/008BYSE725.jpg,/kaggle/input/1-million-fake-faces/1m_faces_12_13_14_15/1m_faces_12_13_14_15/1m_faces_15/008BYSE725.jpg,315e0ae6b581753004cfc2d5ec8800008a98a74d118f58a6ff7fe7448e98dfe9,train,train
real_vs_fake:test:00489,data/raw/image/real_vs_fake/real-vs-fake/test/real/00489.jpg,real,unknown,unknown,none,/kaggle/input/flickrfaceshq-dataset-nvidia-part-7/images1024x1024-20191222T221133Z-033/images1024x1024/00000/00489.png,/kaggle/input/flickrfaceshq-dataset-nvidia-part-7/images1024x1024-20191222T221133Z-033/images1024x1024/00000/00489.png,6b90f72e6e03017537e0dfdd6e924bdfdc0761e00825096295cecd2ea0fe310a,train,train
real_vs_fake:test:00V5CZZSSO,data/raw/image/real_vs_fake/real-vs-fake/test/fake/00V5CZZSSO.jpg,fake,unknown,stylegan,unknown,/kaggle/input/1-million-fake-faces/1m_faces_00_01_02_03/1m_faces_00_01_02_03/1m_faces_00/00V5CZZSSO.jpg,/kaggle/input/1-million-fake-faces/1m_faces_00_01_02_03/1m_faces_00_01_02_03/1m_faces_00/00V5CZZSSO.jpg,114dd44b041e334c30dda896d2619ffc0d3a4d6c67fe5a0f0a024bd43a0c504a,train,train
real_vs_fake:test:00177,data/raw/image/real_vs_fake/real-vs-fake/test/real/00177.jpg,real,unknown,unknown,none,/kaggle/input/flickrfaceshq-dataset-nvidia-part-7/images1024x1024-20191222T221133Z-033/images1024x1024/00000/00177.png,/kaggle/input/flickrfaceshq-dataset-nvidia-part-7/images1024x1024-20191222T221133Z-033/images1024x1024/00000/00177.png,f1002febe3247c5ef8f88fffff7e08315dbb7963e1c20921bbe0bf0a657bdfdf,train,train
real_vs_fake:test:01423,data/raw/image/real_vs_fake/real-vs-fake/test/real/01423.jpg,real,unknown,unknown,none,/kaggle/input/flickrfaceshq-dataset-nvidia-part-7/images1024x1024-20191222T221133Z-034/images1024x1024/01000/01423.png,/kaggle/input/flickrfaceshq-dataset-nvidia-part-7/images1024x1024-20191222T221133Z-034/images1024x1024/01000/01423.png,1479de26c6e69248764ac0065b19084c30eba01213e43079176486ab8085abd3,train,train
real_vs_fake:test:010MNNNOZS,data/raw/image/real_vs_fake/real-vs-fake/test/fake/010MNNNOZS.jpg,fake,unknown,stylegan,unknown,/kaggle/input/1-million-fake-faces/1m_faces_00_01_02_03/1m_faces_00_01_02_03/1m_faces_02/010MNNNOZS.jpg,/kaggle/input/1-million-fake-faces/1m_faces_00_01_02_03/1m_faces_00_01_02_03/1m_faces_02/010MNNNOZS.jpg,85fbf92872e9601ee8b16a1db31a81d1fcafeb19fcb55adf23ad02c7c023c48c,train,train
real_vs_fake:test:01053,data/raw/image/real_vs_fake/real-vs-fake/test/real/01053.jpg,real,unknown,unknown,none,/kaggle/input/flickrfaceshq-dataset-nvidia-part-7/images1024x1024-20191222T221133Z-034/images1024x1024/01000/01053.png,/kaggle/input/flickrfaceshq-dataset-nvidia-part-7/images1024x1024-20191222T221133Z-034/images1024x1024/01000/01053.png,4551db7556f070d4667bbcac391bb19d219e28a6a4d80207e8922457a74ef863,train,train
real_vs_fake:test:01050DBM3C,data/raw/image/real_vs_fake/real-vs-fake/test/fake/01050DBM3C.jpg,fake,unknown,stylegan,unknown,/kaggle/input/1-million-fake-faces/1m_faces_08_09_10_11/1m_faces_08_09_10_11/1m_faces_09/01050DBM3C.jpg,/kaggle/input/1-million-fake-faces/1m_faces_08_09_10_11/1m_faces_08_09_10_11/1m_faces_09/01050DBM3C.jpg,c4e8b4becae0b7451bf4826d81115e0fd6aad6473deb529a1488f921c7a8aaa3,train,train
real_vs_fake:test:00QKZTHTLF,data/raw/image/real_vs_fake/real-vs-fake/test/fake/00QKZTHTLF.jpg,fake,unknown,stylegan,unknown,/kaggle/input/1-million-fake-faces/1m_faces_08_09_10_11/1m_faces_08_09_10_11/1m_faces_09/00QKZTHTLF.jpg,/kaggle/input/1-million-fake-faces/1m_faces_08_09_10_11/1m_faces_08_09_10_11/1m_faces_09/00QKZTHTLF.jpg,8c356983769ec5397226cb9220ea8b5991bd209741b96a650d7149f3571ce560,train,train
real_vs_fake:test:009ZTJ3621,data/raw/image/real_vs_fake/real-vs-fake/test/fake/009ZTJ3621.jpg,fake,unknown,stylegan,unknown,/kaggle/input/1-million-fake-faces/1m_faces_12_13_14_15/1m_faces_12_13_14_15/1m_faces_12/009ZTJ3621.jpg,/kaggle/input/1-million-fake-faces/1m_faces_12_13_14_15/1m_faces_12_13_14_15/1m_faces_12/009ZTJ3621.jpg,9dd348d7fea442fcaf9ca32fe2ed1fb4809b1c2de776a5453df5b95cf235e5b1,train,train
real_vs_fake:train:00011,data/raw/image/real_vs_fake/real-vs-fake/train/real/00011.jpg,real,unknown,unknown,none,/kaggle/input/flickrfaceshq-dataset-nvidia-part-7/images1024x1024-20191222T221133Z-034/images1024x1024/00000/00011.png,/kaggle/input/flickrfaceshq-dataset-nvidia-part-7/images1024x1024-20191222T221133Z-034/images1024x1024/00000/00011.png,61642513dd130ac95d20a2433641c1792511a0d414a603fa788fab50442bc633,train,train
real_vs_fake:test:00856,data/raw/image/real_vs_fake/real-vs-fake/test/real/00856.jpg,real,unknown,unknown,none,/kaggle/input/flickrfaceshq-dataset-nvidia-part-7/images1024x1024-20191222T221133Z-031/images1024x1024/00000/00856.png,/kaggle/input/flickrfaceshq-dataset-nvidia-part-7/images1024x1024-20191222T221133Z-031/images1024x1024/00000/00856.png,8e70a711bcfc0c428d61fb95e05fcc3efcf570a1b8ac12e6b88873a24129cf8a,train,train
